{
  "Pepper__bell___Bacterial_spot": 1.3811573409851745,
  "Pepper__bell___healthy": 0.9310122501611864,
  "Potato___Early_blight": 1.3752380952380951,
  "Potato___Late_blight": 1.3752380952380951,
  "Potato___healthy": 9.081761006289309,
  "Tomato_Bacterial_spot": 0.6469534050179212,
  "Tomato_Early_blight": 1.3752380952380951,
  "Tomato_Late_blight": 0.720558882235529,
  "Tomato_Leaf_Mold": 1.4454454454454455,
  "Tomato_Septoria_leaf_spot": 0.77697067527576,
  "Tomato_Spider_mites_Two_spotted_spider_mite": 0.8206876953680022,
  "Tomato__Target_Spot": 0.9803122878479293,
  "Tomato__Tomato_YellowLeaf__Curl_Virus": 0.4288047512991834,
  "Tomato__Tomato_mosaic_virus": 3.6883780332056193,
  "Tomato_healthy": 0.8649296196466008
}