{
  "Pepper__bell___Bacterial_spot": {
    "precision": 0.8514285714285714,
    "recall": 0.9933333333333333,
    "f1-score": 0.916923076923077,
    "support": 150.0
  },
  "Pepper__bell___healthy": {
    "precision": 0.9861751152073732,
    "recall": 0.963963963963964,
    "f1-score": 0.9749430523917996,
    "support": 222.0
  },
  "Potato___Early_blight": {
    "precision": 0.9483870967741935,
    "recall": 0.98,
    "f1-score": 0.9639344262295082,
    "support": 150.0
  },
  "Potato___Late_blight": {
    "precision": 0.9342105263157895,
    "recall": 0.9466666666666667,
    "f1-score": 0.9403973509933775,
    "support": 150.0
  },
  "Potato___healthy": {
    "precision": 0.9545454545454546,
    "recall": 0.9130434782608695,
    "f1-score": 0.9333333333333333,
    "support": 23.0
  },
  "Tomato_Bacterial_spot": {
    "precision": 0.9294478527607362,
    "recall": 0.946875,
    "f1-score": 0.9380804953560371,
    "support": 320.0
  },
  "Tomato_Early_blight": {
    "precision": 0.7142857142857143,
    "recall": 0.7333333333333333,
    "f1-score": 0.7236842105263158,
    "support": 150.0
  },
  "Tomato_Late_blight": {
    "precision": 0.9520295202952029,
    "recall": 0.8989547038327527,
    "f1-score": 0.9247311827956989,
    "support": 287.0
  },
  "Tomato_Leaf_Mold": {
    "precision": 0.912751677852349,
    "recall": 0.951048951048951,
    "f1-score": 0.9315068493150684,
    "support": 143.0
  },
  "Tomato_Septoria_leaf_spot": {
    "precision": 0.8816793893129771,
    "recall": 0.868421052631579,
    "f1-score": 0.875,
    "support": 266.0
  },
  "Tomato_Spider_mites_Two_spotted_spider_mite": {
    "precision": 0.9055793991416309,
    "recall": 0.8373015873015873,
    "f1-score": 0.8701030927835052,
    "support": 252.0
  },
  "Tomato__Target_Spot": {
    "precision": 0.8181818181818182,
    "recall": 0.7677725118483413,
    "f1-score": 0.7921760391198044,
    "support": 211.0
  },
  "Tomato__Tomato_YellowLeaf__Curl_Virus": {
    "precision": 0.9851380042462845,
    "recall": 0.9626556016597511,
    "f1-score": 0.9737670514165793,
    "support": 482.0
  },
  "Tomato__Tomato_mosaic_virus": {
    "precision": 0.9545454545454546,
    "recall": 0.75,
    "f1-score": 0.84,
    "support": 56.0
  },
  "Tomato_healthy": {
    "precision": 0.8602941176470589,
    "recall": 0.9790794979079498,
    "f1-score": 0.9158512720156555,
    "support": 239.0
  },
  "accuracy": 0.9106739761367301,
  "macro avg": {
    "precision": 0.9059119808360407,
    "recall": 0.8994966454526053,
    "f1-score": 0.9009620955466507,
    "support": 3101.0
  },
  "weighted avg": {
    "precision": 0.9121515414022816,
    "recall": 0.9106739761367301,
    "f1-score": 0.9103138561293436,
    "support": 3101.0
  }
}